bucket,pkts,bytes
8,3398,4176272
9,88,15322
22,599,67897
52,13328,19580957
74,1,1298
94,3,2714
96,9713,14044015
99,1,1298
113,81,15189
192,133,20017
214,3,2714
219,1,1298
291,3,3894
295,3,2714
310,849,1196170
325,1,1298
334,3162,4537374
336,2671,3903660
365,1,1298
378,49,11696
402,67,12635
409,70,13758
416,1,1298
420,1,1298
422,422,48212
441,3,3894
463,3,3894
467,16,2230
475,10,2524
490,1,1298
493,5099,7432779
503,1,1298
510,3,3894
545,1528,2166390
560,3,3894
610,3,3894
614,3,3894
642,24,16619
647,492,57014
678,141,21494
687,55,11005
697,115,13540
719,1,1298
724,943,1343137
738,1307,1780216
739,1,1298
747,3,3894
753,3,3894
754,4233,6157028
791,1,1298
793,55049,81311063
808,142,20578
814,3,3894
854,3,3894
859,1422,2068487
866,6549,9561322
884,1,1298
889,3,3894
910,48177,71153247
919,1,1298
925,1,1298
937,331,38941
949,1,1298
973,48,8915
982,44,11057
989,1,1298
991,3,3894
1005,22120,32588157
1008,1,1298
1027,3,3894
1049,8,8470
1050,13593,19994939
1059,1,1298
1065,4,5192
1129,1,1298
1160,16,2230
1164,3,2714
1184,3,2714
1207,1,1298
1216,3,3894
1249,60,12773
1255,3563,4942440
1264,16,2230
1298,40,10492
1299,1,1298
1312,1,1298
1326,778,1093660
1336,3,2714
1341,1,1298
1363,3,3894
1402,16157,23765118
1452,3,3894
1463,1122,1586901
1468,3,3894
1479,1,1298
1487,1,1298
1561,3,3894
1583,3,3894
1619,37733,55627879
1660,4077,5970370
1699,56,9295
1708,22550,33280350
1727,57,11599
1752,1,1298
1761,1,1298
1769,39529,58318985
1783,6237,8971678
1828,1,1298
1835,3,2714
1839,38,10848
1853,3,3894
1886,302,38703
1889,254,31526
1922,1,1298
1966,56732,83745909
1979,2,1416
1991,1,1298
2004,1,1298
2007,1,1298
2068,5968,8775458
2084,1,1298
2099,1309,1864100
2118,3,2714
2131,48,9127
2132,15957,23447135
2138,64810,95721128
2163,2,1416
2197,1,1298
2222,3,3894
2237,21919,32232429
2286,3,2714
2292,224,30448
2293,1954,2845281
2299,1,1298
2304,1,1298
2309,83,13817
2315,1,1298
2317,152,20730
2339,1,1298
2342,1,1298
2403,2727,3884001
2420,27502,40479936
2421,3,3894
2423,33669,49699456
2443,464,53749
2462,334,38563
2467,208,28399
2479,9547,13543469
2481,66653,98446001
2505,1509,2162275
2521,3,2714
2522,503,58594
2552,12899,18713334
2580,5,6490
2589,4139,5996032
2595,3,3894
2619,2398,3444110
2628,63,13023
2669,1,1298
2715,3,3894
2751,3,3894
2753,378,44107
2773,760,84062
2782,3,2714
2852,57601,85039832
2869,1,1298
2923,1,1298
2939,1,1298
2949,1,1298
2991,3,3894
3020,1,1298
3035,1157,1619510
3040,1,1298
3048,1571,2209130
3064,1,1298
3093,1,1298
3096,1,1298
3105,1,1298
3113,105,16936
3128,566,65768
3133,82,15264
3142,3,2714
3167,1,1298
3170,4511,6629957
3199,487,55396
3230,3,2714
3233,1,1298
3236,403,46966
3286,319,40458
3299,1,1298
3369,20713,30561802
3377,1,1298
3384,3,3894
3413,3,3894
3420,453,51816
3423,3,3894
3434,3,3894
3453,2,1416
3471,207,23919
3484,1,1298
3487,1,1298
3521,1,1298
3524,1,1298
3531,77,14224
3541,3980,5850402
3557,1,1298
3606,1,1298
3624,3,3894
3651,50,10467
3673,363,42246
3688,10,2524
3737,79,15384
3787,40,10853
3792,49,11784
3798,17,16681
3800,4832,6894108
3854,1,1298
3859,1,1298
3865,37,10405
3871,1,1298
3890,3,3894
3896,7166,10487471
3915,1,1298
3916,2051,2926774
3945,5,6490
3981,1,1298
4023,1,1298
4026,11347,16540027
4053,1,1298
4079,30493,45008348
4096,70,14249
4100,3,3894
4136,1,1298
4137,1,1298
4161,67,13651
4190,3,3894
4238,45,9651
4260,3,2714
4275,3,3894
4358,4301,6257042
4401,66,13694
4408,118,19888
4416,8865,13030415
4427,3,3894
4438,3,3894
4476,3,2714
4489,3,3894
4522,2267,3312954
4533,3,3894
4566,3066,4463751
4601,3,3894
4612,442,51008
4619,1,1298
4628,1,1298
4632,1,1298
4678,37619,55476703
4688,3,3894
4693,6833,10018932
4698,3,3894
4703,2823,3997453
4706,8,8444
4715,1,1298
4719,1,1298
4803,1,1298
4817,3,3894
4823,7202,10524979
4829,3,3894
4864,1845,2565601
4875,62464,92268413
4911,3,3894
4923,3,3894
4932,16081,23674713
4933,666,74238
4954,122,18695
4956,163,22635
4963,55,12230
4972,3,3894
4990,4188,6125699
4992,3,3894
5016,1169,1666617
5027,1,1298
5050,2564,3712750
5064,50,11737
5069,3,2714
5119,3,2714
5138,605,67237
5166,1,1298
5189,66701,98509605
5218,3294,4802832
5236,38,10595
5237,172,23072
5263,3,3894
5315,3,3894
5326,4291,6304862
5342,3084,4494205
5369,1,1298
5399,1,1298
5406,63,13635
5408,1,1298
5450,26,19179
5477,3,2714
5480,1877,2708539
5506,47,11173
5532,1,1298
5534,8230,12085131
5545,45,11178
5561,3,3894
5600,68,13143
5614,5561,8161248
5617,101,16579
5623,21164,31241457
5638,403,45646
5668,1,1298
5677,3,2714
5699,1,1298
5718,1,1298
5731,58381,86150152
5732,3,3894
5741,1,1298
5752,109,17285
5798,3,2714
5819,1,1298
5830,1154,1631938
5843,3,3894
5853,8596,12534006
5865,1,1298
5906,3,3894
5924,7147,10504146
5928,8,8444
5937,673,76710
5940,1,1298
5980,54,13198
5983,1,1298
5991,63428,93582660
6000,1,1298
6010,3,3894
6026,529,61748
6038,53,10808
6048,1,1298
6102,18,16780
6106,1,1298
6115,635,70290
6119,16,2230
6131,1,1298
6141,108,16773
6146,3,2714
6164,55,12332
6168,16,3635
6196,60120,88801463
6205,1,1298
6258,28332,41740254
6260,137,20525
6293,1,1298
6400,590,75073
6405,5748,8341509
6417,560,63684
6431,18,16820
6481,3,3894
6508,1,1298
6511,190,24921
6542,27792,40961028
6569,3,2714
6570,821,1151520
6572,4614,6759520
6600,47,10411
6615,1,1298
6622,1,1298
6625,1,1298
6663,1,1298
6681,341,39289
6693,1,1298
6707,387,45565
6735,3,3894
6764,45715,67492348
6767,17424,25669544
6769,507,58019
6772,16,2230
6812,137,19943
6815,2607,3671473
6829,2405,3444596
6863,26520,39103385
6865,1,1298
6873,342,40697
6877,3,3894
6887,3,3894
6915,58,9312
6924,92,17030
6953,189,25349
6973,1,1298
7009,1,1298
7019,204,27981
7025,425,48806
7029,5,6490
7043,1,1298
7079,24358,35942246
7092,1,1298
7093,80,15329
7100,24,16493
7109,46,11202
7118,1051,1447380
7123,1,1298
7127,1,1298
7138,47,11269
7141,3,3894
7188,3,3894
7201,40,10679
7205,1,1298
7268,3,3894
7274,761,83590
7292,3,2714
7296,1,1298
7297,265,34078
7305,1,1298
7309,2,1416
7339,3,3894
7341,1,1298
7345,49669,73339345
7354,3,3894
7374,67238,99307737
7388,1,1298
7392,1442,1862343
7405,1,1298
7455,283,34583
7457,3,3894
7470,35,10047
7505,13,4126
7508,755,84331
7528,7607,11141196
7538,817,91471
7542,3,3894
7547,3,3894
7560,3,2714
7570,3,3894
7590,3,3894
7605,1,1298
7615,13984,20585885
7626,45,11152
7632,11220,16475037
7646,5335,7847936
7654,3,2714
7684,37394,54389703
7689,453,53110
7694,3,2714
7700,25,19123
7712,3,3894
7715,3,3894
7740,16471,24296366
7742,1,1298
7754,178,23434
7761,1,1298
7772,3,3894
7773,9089,13381530
7785,360,42550
7805,8,10384
7808,214,28279
7846,12551,18427969
7850,72,13053
7872,3,2714
7881,208,27006
7907,120,19474
7951,3,3894
7964,62714,92530396
7983,15596,22975964
7986,1,1298
7991,18,16844
8042,8,8450
8068,3,3894
8069,3,2714
8075,18631,27455879
8093,1826,2650100
8097,1,1298
8111,1,1298
8112,35946,53078558
8114,3,2714
8134,1,1298
8136,1,1298
8140,1,1298
8145,1477,2116792
8149,3,2714
8151,3,2714
8158,75,13286
8182,550,63787
8194,1,1298
8196,577,63497
8241,10,2523
8246,11,3821
8275,843,93617
8304,25,19060
8309,451,51089
8320,6,7788
8329,1,1298
8333,1,1298
8377,24418,36012476
8402,1540,2223694
8406,4045,5916648
8414,3,3894
8465,3,2714
8468,3,3894
8481,3,2714
8499,3,3894
8506,1,1298
8527,170,23124
8578,1,1298
8588,529,61060
8635,1,1298
8636,5,6490
8693,1,1298
8724,3,2714
8762,3,3894
8771,1,1298
8785,1,1298
8822,1,1298
8872,1,1298
8874,1,1298
8885,3,3894
8893,3,2714
8898,1932,2671418
8913,1,1298
8916,1599,2228252
8918,2815,4119852
8928,4042,5816944
8948,1,1298
9007,53395,78710011
9043,3,3894
9050,25131,37074560
9060,61,12710
9069,68,13995
9079,410,49364
9084,1,1298
9093,3,2714
9119,19329,28475947
9180,2,2596
9226,3579,5237370
9242,7503,10865558
9248,3,3894
9252,476,53034
9264,1,1298
9283,47332,69865280
9292,1,1298
9317,72,14828
9319,1,1298
9322,6003,8768455
9327,3997,5807550
9341,1,1298
9412,185,25460
9456,56935,84100714
9463,965,1354941
9480,8435,12205176
9483,3,3894
9505,353,41676
9521,23534,34686566
9532,5183,7427910
9552,324,38388
9561,2110,3045457
9638,40,11751
9640,3270,4747097
9642,234,29525
9659,17,16685
9667,1,1298
9673,3,3894
9702,1,1298
9736,3,3894
9783,18889,27850068
9784,3,3894
9789,1,1298
9803,3911,5700786
9829,6928,10102552
9863,11595,17054515
9864,3638,5309293
9868,1,1298
9917,3,3894
9950,59312,87546360
9956,65,13371
9991,3,3894
10000,3,3894
10023,95,17210
10051,1,1298
10059,3,2714
10064,6116,8927845
10071,16495,24297096
10077,41,10888
10105,1,1298
10123,21443,31633632
10145,3,3894
10163,14,3132
10166,3,2714
10181,1,1298
10192,3,3894
10202,333,38167
10207,1,1298
10219,1,1298
10261,1,1298
10274,1,1298
10293,1,1298
10296,708,77600
10299,8,8454
10302,3,2714
10303,729,80683
10320,4,4012
10360,3,2714
10398,85,14621
10413,3,2714
10419,389,43866
10420,1,1298
10434,1,1298
10449,6778,9963010
10463,52131,76945300
10464,534,59883
10466,429,50485
10473,3,3894
10597,30088,44394725
10603,3,2714
10620,1,1298
10621,160,21101
10642,1,1298
10695,3,3894
10706,1,1298
10707,1,1298
10753,8125,11921043
10765,9,9742
10776,1623,2333004
10830,8544,12568571
10851,51,11948
10852,3,2714
10884,1,1298
10886,318,38646
10898,645,72493
10922,3,3894
10923,479,56920
10925,608,67777
10937,25610,37769090
10941,29374,43326379
10957,377,44236
10972,285,33473
11026,2816,4074522
11030,59,12592
11032,1,1298
11051,33594,49596651
11067,55,12107
11069,20,4043
11086,2083,2970533
11098,61968,91528210
11113,1,1298
11199,473,54531
11211,3,3894
11220,43,10963
11246,12100,17165427
11278,5516,8051021
11319,3,3894
11328,1,1298
11336,3,3894
11348,6719,9492588
11378,2891,4218753
11381,1,1298
11398,3397,4982483
11409,423,50838
11410,1,1298
11431,1,1298
11445,10086,14828469
11447,3,3894
11464,450,54940
11473,15430,22716245
11477,57,12616
11504,107,14311
11540,3642,5136193
11565,1,1298
11582,3,3894
11585,3,3894
11614,3,2714
11670,1,1298
11748,3,3894
11751,705,77113
11760,1,1298
11764,3,3894
11792,3,2714
11794,1,1298
11806,1,1298
11811,1,1298
11812,16,2230
11819,1,1298
11831,1,1298
11849,24469,36087457
11869,16,2229
11877,5197,7502004
11879,1,1298
11888,13315,19564079
11889,3,2714
11898,1,1298
11904,11248,16571222
11920,908,1239550
11934,5,6490
11955,1492,2101891
11973,1,1298
11990,76,13439
11992,2772,4028765
12001,3,3894
12035,616,73875
12041,1,1298
12094,1,1298
12104,1510,2199130
12105,1,1298
12137,2879,4173056
12150,3,2714
12154,95,15182
12194,22,4348
12200,1,1298
12219,3,3894
12224,16,2230
12234,1572,2235334
12235,79,14184
12334,49,11683
12339,50,11872
12354,1,1298
12386,3,3894
12398,1,1298
12435,1,1298
12445,7047,10334035
12463,1,1298
12494,58959,86986220
12527,1,1298
12536,1,1298
12541,1,1298
12558,3,3894
12579,8,8448
12583,3,3894
12590,50374,74335316
12613,1,1298
12619,1,1298
12621,3,3894
12651,43687,64527711
12664,15312,22567099
12674,20498,30222115
12712,22,17260
12716,3,2714
12722,16,3635
12724,1,1298
12732,3,3894
12796,8,8432
12817,1,1298
12825,1,1298
12848,1,1298
12875,3,3894
12881,103,16771
12895,8076,11860009
12900,57,11112
12911,2212,3160648
12941,8,8464
12942,18,16812
12963,358,42227
13000,3,3894
13009,28580,42139816
13010,49,11727
13017,126,18825
13018,39,10832
13029,1,1298
13055,3,3894
13063,224,29819
13072,3,3894
13077,465,52028
13127,3,2714
13129,3,3894
13133,3,2714
13138,3,3894
13144,35782,52705485
13168,80,14893
13214,2393,3489774
13220,1,1298
13223,1,1298
13251,3,2714
13254,1,1298
13266,20,4043
13272,18,3939
13293,3,3894
13321,1,1298
13322,1,1298
13347,3,3894
13370,1,1298
13372,3,3894
13374,76,14209
13375,1,1298
13382,6101,8877694
13387,76,12923
13393,1,1298
13419,394,47950
13426,768,1092614
13435,306,36705
13465,1,1298
13470,1,1298
13475,1,1298
13489,3,2714
13492,3,3894
13528,3,3894
13543,3,3894
13571,3,3894
13602,15341,22590246
13604,818,88799
13607,3,3894
13675,162,22106
13686,14186,20913918
13691,20812,30652993
13698,1,1298
13699,3,2714
13799,3,2714
13824,54222,80040021
13861,19,18146
13909,68391,101043570
13925,3,2714
13931,56,12208
13932,1743,2512442
13949,1,1298
13955,3,3894
13964,1,1298
13966,5,6490
13989,1,1298
14019,477,54889
14094,1,1298
14168,16,3635
14203,1,1298
14221,3,2714
14230,46870,69233073
14274,404,46163
14302,12801,18847839
14313,851,1206587
14378,50,11637
14403,3,3894
14462,3303,4826949
14470,1,1298
14471,3203,4651369
14522,24,16565
14525,3,3894
14542,3,3894
14551,57,12298
14567,5,6490
14573,86,15940
14622,1,1298
14641,1,1298
14676,1,1298
14677,1,1298
14681,26668,39326501
14682,642,73207
14701,3,3894
14711,1,1298
14715,1,1298
14730,23851,35167079
14743,2285,3260650
14748,45631,67362436
14751,8621,12711439
14754,59,12681
14779,3,2714
14782,3,2714
14809,3,2714
14817,3,3894
14819,3,3894
14825,5674,8265822
14828,3,3894
14839,1,1298
14848,575,63470
14852,3,3894
14860,3,3894
14873,3,2714
14885,1,1298
14903,21,16253
14908,1,1298
14926,3,3894
14927,60,13094
14934,3,3894
14939,1,1298
14952,3,3894
14968,3,3894
14972,47,11330
14986,71694,105880289
15020,2,1416
15021,3,2714
15070,1,1298
15085,50,11619
15100,520,59483
15113,72294,106800847
15116,16,2230
15124,1375,1973904
15127,1,1298
15131,58,11556
15172,51,11788
15185,1,1298
15196,8884,13012606
15207,8,8454
15208,3,2714
15231,91,15933
15238,1,1298
15242,36,9150
15265,72,14224
15275,1,1298
15294,3,2714
15320,1,1298
15329,3,2714
15364,1,1298
15367,3,2714
15392,2381,3458743
15415,235,29933
15443,3,2714
15447,46214,68171432
15461,11778,17336060
15474,67805,100138059
15501,9993,14632875
15508,1,1298
15524,1,1298
15531,2069,2968156
15551,8843,12947097
15588,41078,60626761
15616,3,3894
15622,3,2714
15641,36,10477
15656,5,6490
15680,1960,2765452
15706,1,1298
15710,1,1298
15721,3,2714
15731,105,17092
15751,1692,2394005
15754,3,3894
15755,6,6608
15760,40,9610
15763,18,16792
15855,1,1298
15867,1,1298
15870,23169,34140576
15875,53618,78010430
15888,1,1298
15906,518,58628
15934,1,1298
15938,41604,61449266
15942,1,1298
15958,1,1298
15969,150,21237
15975,1,1298
16012,3,2714
16013,3,2714
16045,462,52364
16087,3,3894
16091,913,1279876
16100,1,1298
16107,1,1298
16172,3,3894
16188,1,1298
16205,363,44031
16209,1,1298
16246,141,20960
16257,1,1298
16263,315,39429
16292,10599,15614244
16301,748,86380
16319,3,3894
16338,192,25028
16343,831,1163258
16346,3,3894
16363,1,1298
16368,3,3894
16383,3,3894
16409,1,1298
16479,14368,21008497
16480,500,56887
16487,9787,14367286
16490,3,3894
16531,695,77331
16548,1,1298
16549,1,1298
16572,1,1298
16582,5,6490
16612,1647,2330764
16615,530,61996
16642,2,1416
16654,23171,34127446
16655,1022,1422641
16659,3,3894
16674,43,9787
16677,329,38967
16699,467,54396
16714,7447,10968614
16716,1,1298
16742,1202,128406
16752,1,1298
16788,1,1298
16790,50,8811
16804,18,16836
16810,1,1298
16811,974,1369182
16816,34,10147
16830,3,2714
16883,40,10779
16885,3,3894
16886,1,1298
16900,615,71684
16951,2173,3155677
16955,1,1298
16957,3,2714
16958,18475,27245578
16970,1,1298
16978,1,1298
16985,4,5192
16997,3,3894
17000,1,1298
17018,3,3894
17036,23425,34543748
17038,1,1298
17069,10877,16003259
17078,3,3894
17112,3,2714
17125,155,20694
17126,3,3894
17195,3,3894
17227,3,2714
17259,5949,8699042
17278,1,1298
17299,26936,39145665
17355,332,38837
17360,1,1298
17371,17108,25176101
17386,624,69939
17387,3,3894
17389,4,5192
17431,3,3894
17438,3,2714
17449,44396,65553390
17463,16278,23955087
17478,3,3894
17481,33076,48733138
17520,1,1298
17543,9979,14705639
17554,1,1298
17564,3,3894
17589,3,3894
17639,43,11986
17684,2,2596
17700,70904,104206109
17704,1,1298
17708,3,3894
17755,62,12872
17791,1,1298
17804,1,1298
17819,44,11175
17878,1778,2513803
17929,3,3894
17935,3,3894
17946,1,1298
17947,50,10729
17948,46,10305
17960,1120,1604966
17967,29894,44107074
17977,11775,17304060
17987,2,1416
18053,1,1298
18071,419,48223
18077,702,78169
18106,51,11909
18158,852,92104
18183,3357,4914065
18195,25215,37154750
18212,3,3894
18218,7815,11485597
18231,33119,48796974
18282,3,3894
18312,67,14147
18319,636,69595
18341,1,1298
18349,45,11231
18371,1848,2648282
18399,5,6490
18412,30579,45115436
18416,4278,6237276
18423,3249,4707948
18441,3422,4975542
18447,105,16925
18452,1,1298
18454,90,15537
18494,424,48561
18516,3,3894
18523,3240,4698551
18539,3,3894
18596,18,16792
18597,107,17389
18600,1,1298
18656,1675,2425956
18693,5497,7892141
18702,3,3894
18717,2091,2947877
18740,3,3894
18764,48680,71874554
18768,3,2714
18774,3,3894
18780,3,3894
18814,177,23713
18815,1144,1622354
18822,3,3894
18830,1,1298
18841,44,11341
18842,3,3894
18881,3,3894
18905,1,1298
18937,3,3894
18951,697,78221
18959,2661,3778759
18989,3,3894
19007,3,2714
19008,1,1298
19012,39316,58036608
19037,621,70542
19047,54,12332
19061,1,1298
19062,376,44783
19077,350,40403
19084,3,3894
19101,2368,3353206
19103,1,1298
19131,1,1298
19136,1149,1657060
19143,1,1298
19156,1,1298
19191,3264,4762528
19197,1,1298
19237,3,3894
19272,1,1298
19287,1,1298
19305,7,9086
19317,1,1298
19396,86,15933
19425,1046,1476899
19436,3,3894
19445,3,3894
19448,481,54312
19517,3,2714
19518,3,3894
19528,21109,31083265
19550,2165,3105022
19562,2674,3907164
19564,3,3894
19575,10,2524
19586,9785,14193162
19591,529,61580
19592,15313,22545532
19598,3,3894
19610,3,3894
19619,14086,20369189
19621,11206,16467427
19675,1167,1670104
19690,1,1298
19692,1,1298
19701,2638,3772911
19704,673,74970
19734,85,14909
19736,1,1298
19739,1,1298
19760,1086,1540136
19771,343,40702
19802,1,1298
19806,3,3894
19861,38,9321
19869,43264,63766979
19880,1,1298
19883,515,60143
19896,3,3894
19897,1,1298
19911,1,1298
19940,8,8456
19946,54,12453
19961,41,9707
19969,754,82378
19977,3,3894
19989,31,9917
20000,376,42704
20021,18,2497
20024,3,2714
20041,366,43054
20080,1,1298
20097,1,1298
20103,35415,52223291
20164,59,12767
20169,298,35792
20171,18,3939
20182,524,60039
20190,584,72636
20212,95,14949
20232,453,51261
20237,1,1298
20238,52,15607
20269,1,1298
20277,3,2714
20285,12,2828
20286,74,9609
20290,18,16824
20317,722,79955
20334,397,48858
20358,18,16780
20403,19522,28748328
20411,3,3894
20417,880,1234869
20446,1,1298
20447,1,1298
20454,139,19455
20467,1,1298
20480,2014,2902919
20482,1,1298
20483,1,1298
20498,38,10662
20505,1,1298
20573,16,2230
20580,8,8464
20611,1124,119794
20689,76,14244
20691,482,56616
20697,1215,1716281
20705,72,13781
20711,43,11036
20715,3,2714
20727,1188,1634896
20771,3,2714
20811,48,11649
20827,3,3894
20844,4732,6922267
20852,54966,81142812
20878,1,1298
20886,44,11085
20925,3,2714
20928,22,9153
20943,1,1298
20987,3,3894
21001,3,3894
21013,17,16661
21027,3,3894
21029,1,1298
21053,1,1298
21054,2829,4071066
21058,1,1298
21070,1,1298
21090,892,1250949
21093,2067,2994355
21134,3,3894
21148,3,2714
21150,3,2714
21163,3,2714
21180,25721,37960714
21182,1,1298
21199,3,3894
21256,101,18227
21262,1,1298
21266,1,1298
21348,3,3894
21359,47039,69412016
21367,3,2714
21389,8,8450
21420,3,3894
21431,2347,3413875
21469,38023,56103834
21480,20,4043
21483,1,1298
21484,2181,3155904
21490,7123,10284763
21497,1,1298
21501,9070,12839778
21513,1378,1952949
21539,3,3894
21565,3,3894
21568,78,14393
21597,1,1298
21613,1,1298
21636,85,15776
21661,1,1298
21667,886,1232887
21678,1,1298
21683,1,1298
21684,3,3894
21695,319,37501
21709,3,2714
21716,170,24818
21732,34407,50755762
21793,417,48967
21806,3,3894
21833,16976,25030944
21876,11626,17016306
21893,32244,47358671
21923,4809,6997059
21972,1,1298
21986,7269,10628394
21987,28,7074
22014,1663,2354514
22024,1,1298
22050,48344,71370183
22112,1,1298
22137,3,2714
22147,55,11894
22148,3,3894
22155,1,1298
22164,1,1298
22242,12295,18069673
22247,3,2714
22271,26791,39531548
22294,573,65329
22300,53,11042
22303,965,1368124
22308,57,11098
22309,47,11328
22317,18,16828
22331,18,16776
22333,52,11997
22336,427,50355
22341,20071,29618544
22373,32452,47877652
22377,1,1298
22381,181,24976
22401,3,2714
22408,423,47739
22423,5,6490
22446,2714,3968424
22447,1,1298
22450,1752,2535500
22459,36599,54018379
22468,3,3894
22479,558,63077
22528,62,9687
22612,1,1298
22621,3,3894
22651,3,2714
22656,1,1298
22681,54,12019
22682,15066,22142077
22686,3,3894
22689,2669,3646947
22720,1314,1859614
22722,55,12243
22723,3,3894
22782,2598,3757962
22805,1,1298
22867,3,3894
22874,1,1298
22889,1616,2305686
22890,6,7788
22917,10,2523
22927,1,1298
22938,878,1224474
22957,3,3894
22960,3,3894
23015,3,2714
23103,1,1298
23120,657,72701
23122,3,2714
23129,3,3894
23143,689,77549
23196,3,3894
23234,1,1298
23254,26311,38773637
23258,1,1298
23304,10,2523
23310,18,16832
23324,1,1298
23350,475,53014
23357,18,16780
23371,74,14017
23380,1,1298
23381,3,2714
23404,532,59226
23412,6170,8956839
23436,704,79584
23477,1,1298
23484,3,2714
23493,3,2714
23500,3,2714
23504,2053,2946970
23513,6253,9172481
23519,237,29766
23526,3521,5117405
23537,1,1298
23573,3,3894
23576,1,1298
23589,3,2714
23600,24,16610
23609,47,8529
23648,3,2714
23664,1,1298
23720,3,3894
23765,14,3132
23769,3,3894
23794,3,3894
23820,1,1298
23863,25,19051
23883,34,10227
23885,69392,102404541
23890,1,1298
23926,5,6490
23965,1,1298
23966,1,1298
23972,559,62741
23979,230,30902
23991,56,12236
24007,1,1298
24067,18,16808
24084,55,12240
24103,203,26781
24115,493,58936
24117,32172,47441697
24119,1,1298
24167,8742,12830237
24189,8797,12902191
24253,1,1298
24258,38447,56752067
24264,17045,25087382
24277,70,14360
24324,1,1298
24378,5,6490
24385,1407,2011945
24425,526,60082
24449,71,14260
24462,399,46572
24492,40712,60080175
24494,3,2714
24499,10,2523
24503,1,1298
24504,1,1298
24506,397,46508
24513,7819,11077144
24522,41,10601
24534,3,3894
24563,18,16764
24572,40156,59309622
24599,1,1298
24670,2920,4180589
24690,1,1298
24702,3,3894
24726,1,1298
24729,1064,1506874
24746,1254,132150
24758,3,3894
24783,10,2524
24809,43,11040
24872,3,3894
24874,1,1298
24889,1,1298
24928,3,3894
24952,1,1298
24957,1,1298
24970,1,1298
24982,1,1298
24988,1,1298
25003,6580,9620735
25008,18059,26199860
25020,3,3894
25059,71351,105378430
25060,3,3894
25074,841,1185681
25095,1,1298
25134,162,22715
25155,86,16117
25172,6201,9062133
25177,1,1298
25179,509,58529
25189,356,41909
25204,3,3894
25224,46,11467
25247,73,14999
25251,4317,6197931
25254,12,2828
25256,1,1298
25257,87,16730
25268,1134,1621078
25287,2910,4181603
25315,1,1298
25373,1,1298
25376,3,3894
25379,3,3894
25400,515,58134
25448,27436,40409247
25467,2947,4316367
25497,58,12959
25513,264,31323
25543,1,1298
25553,3,3894
25572,34,10111
25575,20043,29496342
25586,2525,3626651
25590,1,1298
25607,3,3894
25620,268,31765
25697,5431,7893914
25718,1,1298
25741,3,3894
25744,1,1298
25774,59938,88460711
25776,1,1298
25785,14,3132
25791,25,19114
25824,845,91916
25864,3956,5799087
25870,1,1298
25970,3817,5570226
25984,1,1298
26002,3,3894
26023,1,1298
26056,1,1298
26066,1,1298
26085,3,2714
26088,3,2714
26090,25,18997
26119,1109,1595220
26137,3,3894
26142,62,13042
26150,39931,58961605
26184,1,1298
26185,1,1298
26189,56868,83966874
26236,52,11840
26259,2170,3109724
26263,1,1298
26272,146,20246
26289,3,3894
26308,3,2714
26347,8524,12498983
26352,3,3894
26360,21614,31873697
26385,331,39574
26421,14598,21466469
26425,103,17045
26438,324,38328
26464,68,13326
26474,39,10800
26489,3,2714
26497,3,2714
26498,5,6490
26528,37913,55948468
26578,173,19364
26598,1,1298
26612,3,2714
26618,22,4347
26646,3,2714
26654,696,77196
26704,1570,2235891
26712,2014,2878469
26714,3,2714
26715,1,1298
26716,19,6123
26721,5049,7336876
26726,324,38634
26730,54,10809
26763,3,2714
26766,5,5310
26775,1,1298
26799,3,3894
26800,3,3894
26843,18,16796
26867,9712,14250638
26882,3,2714
26911,170,24692
26975,74,17131
26978,241,31051
26997,9715,14274963
27037,6366,9348396
27045,1,1298
27071,3015,4369291
27082,355,41692
27090,11014,16143423
27095,2053,2903573
27099,75,14364
27102,1,1298
27160,3,3894
27161,1214,1734151
27170,3,3894
27180,766,84955
27190,1,1298
27200,3284,4686132
27235,30091,44291766
27236,72,14288
27245,1,1298
27246,1,1298
27253,3,3894
27270,1,1298
27287,12,2828
27297,23282,33825088
27301,3,2714
27307,12,2828
27342,50,12063
27343,3,3894
27395,48,11428
27412,1,1298
27417,37,10776
27462,5,6490
27517,3,3894
27520,6956,10105941
27544,1,1298
27554,3,3894
27564,16,14252
27581,1,1298
27611,1,1298
27644,3,3894
27650,1,1298
27676,95,15971
27684,3,3894
27693,12,2827
27694,3,3894
27696,1,1298
27697,13036,19171611
27699,65887,97257957
27708,44,11114
27716,8,8438
27730,1,1298
27770,634,70403
27795,74,14339
27850,3,3894
27851,1,1298
27863,1,1298
27866,3,3894
27871,3,3894
27872,3,2714
27873,3,3894
27883,1,1298
27893,900,96981
27911,8,8450
27912,6434,9294360
27951,1,1298
27959,449,50714
27974,385,44408
28017,66,12961
28035,1,1298
28040,2594,3708187
28053,3,3894
28079,1,1298
28122,3,2714
28126,3,3894
28150,3236,4684652
28176,10194,15028830
28181,17288,25432370
28187,622,69561
28189,1808,2609227
28202,5422,7919586
28243,52,11942
28245,350,41197
28246,1,1298
28261,1,1298
28265,4015,5787225
28277,4380,6331740
28288,50807,73926177
28292,9567,14024796
28302,1,1298
28306,4231,6189228
28312,1,1298
28314,15155,21993350
28320,1,1298
28332,49,11615
28345,3,3894
28346,1461,2050319
28373,3,3894
28396,45,11307
28405,18101,26663702
28430,40,10650
28436,3,3894
28445,3,3894
28464,3,3894
28481,497,55054
28486,3,3894
28487,5642,8273961
28494,452,52043
28551,69643,102876009
28611,14,3132
28620,1,1298
28623,103,17499
28713,1,1298
28719,1,1298
28774,65,13398
28775,17,16697
28782,1,1298
28784,2,1416
28798,677,77113
28827,1,1298
28842,12442,18274827
28845,5,6490
28860,7724,11299102
28884,13257,19486931
28887,5,6490
28946,3,3894
28979,3,3894
28980,3,3894
29004,1,1298
29015,1,1298
29047,12188,17910859
29048,3,3894
29089,317,37486
29095,12,2828
29098,3,2714
29101,1,1298
29103,1,1298
29113,1,1298
29184,1,1298
29196,443,50088
29202,1,1298
29230,3,3894
29249,1058,1480467
29254,36836,53563172
29290,46565,68716635
29312,4274,6229773
29320,607,66241
29322,1,1298
29327,555,65719
29329,3,2714
29330,1,1298
29352,1,1298
29353,46,11275
29397,229,28585
29404,3,2714
29417,25,19087
29419,18,16848
29442,41,10854
29457,16,2230
29459,1,1298
29472,1,1298
29473,1,1298
29483,1,1298
29488,1,1298
29508,1,1298
29513,21790,32157209
29522,3925,5749040
29538,1,1298
29567,3,3894
29585,44106,65162395
29588,1,1298
29602,320,37127
29641,566,63677
29647,1,1298
29664,1,1298
29718,49,9995
29745,1,1298
29746,18,16840
29759,28,5259
29762,3,3894
29763,3,3894
29771,61311,90520788
29778,28605,42226617
29782,1419,2033524
29784,1,1298
29785,18550,27290003
29789,5454,7990676
29800,1,1298
29808,679,76927
29851,1,1298
29869,65,13936
29879,1,1298
29880,3,3894
29888,1,1298
29895,282,34097
29899,684,76920
29922,33,9993
29928,1,1298
29949,3,2714
29962,3,2714
29974,3,2714
30003,3,2714
30017,1,1298
30020,497,54498
30022,1,1298
30024,16661,24123639
30045,3,3894
30105,1,1298
30126,60,11517
30135,18,16824
30139,657,74231
30143,3,2714
30147,3,3894
30186,18,16852
30213,3,3894
30218,1,1298
30273,6,5428
30289,3,3894
30303,3,3894
30322,188,25572
30343,25,19033
30353,24,16484
30381,18,16808
30415,1613,2294501
30417,287,34692
30419,90,15658
30461,1,1298
30482,1,1298
30493,14,3132
30499,3,3894
30508,5,6490
30526,506,58517
30530,5,6490
30539,3,3894
30554,63,13033
30564,134,18619
30572,3,3894
30575,1,1298
30577,3,3894
30580,10496,15430677
30585,1,1298
30589,197,26372
30635,1838,2674136
30642,6355,9297283
30694,1,1298
30706,1,1298
30729,1,1298
30732,3,3894
30752,28183,41512068
30757,84,18217
30816,139,22153
30817,1,1298
30820,3,3894
30829,1,1298
30867,412,48346
30880,1,1298
30889,1,1298
30898,1,1298
30904,1,1298
30919,3,2714
30943,1,1298
30991,1,1298
31016,3,2714
31026,3,3894
31036,327,41251
31060,1,1298
31065,334,39461
31068,1,1298
31070,3,2714
31077,54,12354
31101,1,1298
31112,71,13917
31158,3,3894
31161,1,1298
31176,1,1298
31196,63,13286
31206,3,3894
31212,39,10611
31224,93,15871
31244,51637,76224882
31251,1,1298
31256,1,1298
31264,42320,62456922
31270,10212,15047270
31271,52,7484
31315,46,10088
31321,8,8436
31336,1,1298
31338,1,1298
31340,8580,12625957
31350,12,2827
31373,42798,63186805
31375,6704,9839048
31390,397,48239
31422,1,1298
31428,6253,9182412
31432,52,10446
31440,12345,18140387
31447,2386,3493581
31470,14,3131
31471,11298,16627170
31489,3,3894
31505,1,1298
31519,19677,29016659
31523,1,1298
31527,18,16808
31564,1,1298
31565,388,44590
31588,1,1298
31612,1,1298
31619,1,1298
31645,437,49631
31682,1,1298
31694,3,2714
31715,1,1298
31723,55542,82018301
31738,1,1298
31744,110,17503
31761,1,1298
31836,62,10564
31846,1,1298
31852,18,16768
31873,1,1298
31888,34806,51305718
31905,836,1133960
31913,159,21011
31917,1,1298
31924,5,6490
31928,3,3894
31930,3,3894
31966,3,3894
32026,800,88528
32029,1,1298
32037,1,1298
32047,1010,1383699
32095,688,76294
32096,3253,4769968
32113,54,12207
32117,3,2714
32144,68,13224
32156,1,1298
32183,45,11623
32241,3,3894
32254,3,3894
32280,108,17545
32356,1,1298
32361,3,3894
32370,18577,27371533
32379,1,1298
32396,31778,46911908
32429,2,1416
32455,8,8450
32465,1,1298
32472,3,2714
32488,3,3894
32497,3,2714
32504,53,12453
32507,3,2714
32522,806,87062
32526,5,6490
32530,7764,11389790
32531,3398,4956297
32546,3,2714
32577,20,4044
32592,1,1298
32600,209,27020
32619,71,14232
32634,101,18107
32647,1,1298
32659,32,10285
32677,15,4430
32693,3,3894
